WYNN LAS VEGAS,WYNN LAS VEGAS offer,WYNN LAS VEGAS reward,478
WYNDHAM HOTELS,WYNDHAM HOTELS offer,WYNDHAM HOTELS reward,681
WRECKING AND SALVAGE YARDS,WRECKING AND SALVAGE YARDS offer,WRECKING AND SALVAGE YARDS reward,382
WOMEN'S READY-TO-WEAR STORES,WOMEN'S READY-TO-WEAR STORES offer,WOMEN'S READY-TO-WEAR STORES reward,289
WOMEN'S ACCESSORY AND SPECIALTY STORES,WOMEN'S ACCESSORY AND SPECIALTY STORES offer,WOMEN'S ACCESSORY AND SPECIALTY STORES reward,78
WIG AND TOUPEE SHOPS,WIG AND TOUPEE SHOPS offer,WIG AND TOUPEE SHOPS reward,278
WHOLESALE CLUBS,WHOLESALE CLUBS offer,WHOLESALE CLUBS reward,737
WESTJET AIRLINES,WESTJET AIRLINES offer,WESTJET AIRLINES reward,287
WESTIN HOTELS,WESTIN HOTELS offer,WESTIN HOTELS reward,653
WELDING SERVICES,WELDING SERVICES offer,WELDING SERVICES reward,616
WALDORF,WALDORF offer,WALDORF reward,59
W HOTELS,W HOTELS offer,W HOTELS reward,30
VIRGIN ATLANTIC,VIRGIN ATLANTIC offer,VIRGIN ATLANTIC reward,988
VIRGIN AMERICA,VIRGIN AMERICA offer,VIRGIN AMERICA reward,355
VIDEO GAME ARCADES AND ESTABLISHMENTS,VIDEO GAME ARCADES AND ESTABLISHMENTS offer,VIDEO GAME ARCADES AND ESTABLISHMENTS reward,883
VIDEO AMUSEMENT GAME SUPPLIES,VIDEO AMUSEMENT GAME SUPPLIES offer,VIDEO AMUSEMENT GAME SUPPLIES reward,685
VETERINARY SERVICES,VETERINARY SERVICES offer,VETERINARY SERVICES reward,622
VDARA,VDARA offer,VDARA reward,180
VARIETY STORES,VARIETY STORES offer,VARIETY STORES reward,260
VAGABOND HOTELS,VAGABOND HOTELS offer,VAGABOND HOTELS reward,391
USED MERCHANDISE AND SECONDHAND STORES,USED MERCHANDISE AND SECONDHAND STORES offer,USED MERCHANDISE AND SECONDHAND STORES reward,885
USAIRWYS,USAIRWYS offer,USAIRWYS reward,454
UNITED AIRLINES,UNITED AIRLINES offer,UNITED AIRLINES reward,926
TURK HAVA YOLLARI (THY),TURK HAVA YOLLARI (THY) offer,TURK HAVA YOLLARI (THY) reward,912
TRUCK AND UTILITY TRAILER RENTALS,TRUCK AND UTILITY TRAILER RENTALS offer,TRUCK AND UTILITY TRAILER RENTALS reward,35
TROPICANA RESORT AND CASINO,TROPICANA RESORT AND CASINO offer,TROPICANA RESORT AND CASINO reward,406
TREASURE ISLAND HOTEL AND CASINO,TREASURE ISLAND HOTEL AND CASINO offer,TREASURE ISLAND HOTEL AND CASINO reward,491
TRAVEL AGENCIES,TRAVEL AGENCIES offer,TRAVEL AGENCIES reward,520
TRANSPORTATION SERVICES NOT ELSEWHERE CLASSIFIED,TRANSPORTATION SERVICES NOT ELSEWHERE CLASSIFIED offer,TRANSPORTATION SERVICES NOT ELSEWHERE CLASSIFIED reward,308
TRAILER PARKS AND CAMPGROUNDS,TRAILER PARKS AND CAMPGROUNDS offer,TRAILER PARKS AND CAMPGROUNDS reward,296
TRADE AND VOCATIONAL SCHOOLS,TRADE AND VOCATIONAL SCHOOLS offer,TRADE AND VOCATIONAL SCHOOLS reward,578
TOWNEPLACE SUITES,TOWNEPLACE SUITES offer,TOWNEPLACE SUITES reward,996
TOWING SERVICES,TOWING SERVICES offer,TOWING SERVICES reward,818
TOURIST ATTRACTIONS AND EXHIBITS,TOURIST ATTRACTIONS AND EXHIBITS offer,TOURIST ATTRACTIONS AND EXHIBITS reward,824
TOLLS AND BRIDGE FEES,TOLLS AND BRIDGE FEES offer,TOLLS AND BRIDGE FEES reward,267
TIRE RETREADING AND REPAIR SHOPS,TIRE RETREADING AND REPAIR SHOPS offer,TIRE RETREADING AND REPAIR SHOPS reward,775
THUNDERBIRD/RED LION,THUNDERBIRD/RED LION offer,THUNDERBIRD/RED LION reward,679
THRIFTY CAR RENTAL,THRIFTY CAR RENTAL offer,THRIFTY CAR RENTAL reward,120
THE VENETIAN RESORT HOTEL CASINO,THE VENETIAN RESORT HOTEL CASINO offer,THE VENETIAN RESORT HOTEL CASINO reward,976
THE RITZ CARLTON,THE RITZ CARLTON offer,THE RITZ CARLTON reward,411
THE PHOENICIAN,THE PHOENICIAN offer,THE PHOENICIAN reward,26
THE FLAMINGO HOTELS,THE FLAMINGO HOTELS offer,THE FLAMINGO HOTELS reward,360
THAI AIRWAYS,THAI AIRWAYS offer,THAI AIRWAYS reward,82
TESTING LABORATORIES (NON-MEDICAL),TESTING LABORATORIES (NON-MEDICAL) offer,TESTING LABORATORIES (NON-MEDICAL) reward,695
TELECOMMUNICATION SERVICES,TELECOMMUNICATION SERVICES offer,TELECOMMUNICATION SERVICES reward,700
TELECOMMUNICATION EQUIPMENT AND TELEPHONE SALES,TELECOMMUNICATION EQUIPMENT AND TELEPHONE SALES offer,TELECOMMUNICATION EQUIPMENT AND TELEPHONE SALES reward,86
TAXICABS AND LIMOUSINES,TAXICABS AND LIMOUSINES offer,TAXICABS AND LIMOUSINES reward,578
TAX PAYMENTS,TAX PAYMENTS offer,TAX PAYMENTS reward,825
TAROM ROMANIAN AIR TRANSPORT,TAROM ROMANIAN AIR TRANSPORT offer,TAROM ROMANIAN AIR TRANSPORT reward,421
TAP AIR PORTUGAL (TAP),TAP AIR PORTUGAL (TAP) offer,TAP AIR PORTUGAL (TAP) reward,212
TAM AIRLINES,TAM AIRLINES offer,TAM AIRLINES reward,441
TAJ HOTELS INT'L,TAJ HOTELS INT'L offer,TAJ HOTELS INT'L reward,781
TACA INTERNATIONAL,TACA INTERNATIONAL offer,TACA INTERNATIONAL reward,568
SWISSOTEL,SWISSOTEL offer,SWISSOTEL reward,927
SWISS INTERNATIONAL AIR LINES,SWISS INTERNATIONAL AIR LINES offer,SWISS INTERNATIONAL AIR LINES reward,933
SURINAM AIRWAYS,SURINAM AIRWAYS offer,SURINAM AIRWAYS reward,321
SUPER 8 MOTEL,SUPER 8 MOTEL offer,SUPER 8 MOTEL reward,990
STENOGRAPHIC SERVICES,STENOGRAPHIC SERVICES offer,STENOGRAPHIC SERVICES reward,621
STAYBRIDGE SUITES,STAYBRIDGE SUITES offer,STAYBRIDGE SUITES reward,21
STAMP AND COIN STORES,STAMP AND COIN STORES offer,STAMP AND COIN STORES reward,269
ST. REGIS HOTEL,ST. REGIS HOTEL offer,ST. REGIS HOTEL reward,149
SPRINGHILL SUITES,SPRINGHILL SUITES offer,SPRINGHILL SUITES reward,293
SPORTS AND RIDING APPAREL STORES,SPORTS AND RIDING APPAREL STORES offer,SPORTS AND RIDING APPAREL STORES reward,869
SPORTING GOODS STORES,SPORTING GOODS STORES offer,SPORTING GOODS STORES reward,263
SPORTING AND RECREATIONAL CAMPS,SPORTING AND RECREATIONAL CAMPS offer,SPORTING AND RECREATIONAL CAMPS reward,41
SPIRIT AIRLINES,SPIRIT AIRLINES offer,SPIRIT AIRLINES reward,959
SPECIAL TRADE CONTRACTORS--NOT ELSEWHERE CLASSIFIED,SPECIAL TRADE CONTRACTORS--NOT ELSEWHERE CLASSIFIED offer,SPECIAL TRADE CONTRACTORS--NOT ELSEWHERE CLASSIFIED reward,570
SOUTHWEST AIRLINES,SOUTHWEST AIRLINES offer,SOUTHWEST AIRLINES reward,266
SOUTH AFRICAN AIRWAYS,SOUTH AFRICAN AIRWAYS offer,SOUTH AFRICAN AIRWAYS reward,465
SONESTA INT'L HOTELS,SONESTA INT'L HOTELS offer,SONESTA INT'L HOTELS reward,787
SLEEP INN,SLEEP INN offer,SLEEP INN reward,53
SIXT CAR RENTAL,SIXT CAR RENTAL offer,SIXT CAR RENTAL reward,937
SINGAPORE AIRLINES,SINGAPORE AIRLINES offer,SINGAPORE AIRLINES reward,355
SILVER LEGACY HOTEL AND CASINO,SILVER LEGACY HOTEL AND CASINO offer,SILVER LEGACY HOTEL AND CASINO reward,885
SHOE STORES,SHOE STORES offer,SHOE STORES reward,243
SHERATON,SHERATON offer,SHERATON reward,259
SERVICE STATIONS (WITH OR WITHOUT ANCILLARY SERVICES,SERVICE STATIONS (WITH OR WITHOUT ANCILLARY SERVICES offer,SERVICE STATIONS (WITH OR WITHOUT ANCILLARY SERVICES reward,852
SCHOOLS AND EDUCATIONAL SERVICES NOT ELSEWHERE CLASSIFIED,SCHOOLS AND EDUCATIONAL SERVICES NOT ELSEWHERE CLASSIFIED offer,SCHOOLS AND EDUCATIONAL SERVICES NOT ELSEWHERE CLASSIFIED reward,812
SCANDINAVIAN AIRLINE SYSTEM (SAS),SCANDINAVIAN AIRLINE SYSTEM (SAS) offer,SCANDINAVIAN AIRLINE SYSTEM (SAS) reward,920
SAS HOTELS RADISSON,SAS HOTELS RADISSON offer,SAS HOTELS RADISSON reward,222
SAM'S TOWN HOTEL AND CASINO,SAM'S TOWN HOTEL AND CASINO offer,SAM'S TOWN HOTEL AND CASINO reward,908
ROYAL AIR MAROC,ROYAL AIR MAROC offer,ROYAL AIR MAROC reward,362
ROSEN HOTEL AND RESORTS,ROSEN HOTEL AND RESORTS offer,ROSEN HOTEL AND RESORTS reward,29
RIVIERA HOTEL AND CASINO,RIVIERA HOTEL AND CASINO offer,RIVIERA HOTEL AND CASINO reward,437
RIO SUITES,RIO SUITES offer,RIO SUITES reward,156
RESIDENCE INN,RESIDENCE INN offer,RESIDENCE INN reward,85
RENAISSANCE HOTELS,RENAISSANCE HOTELS offer,RENAISSANCE HOTELS reward,720
RELIGIOUS ORGANIZATIONS,RELIGIOUS ORGANIZATIONS offer,RELIGIOUS ORGANIZATIONS reward,443
RELIGIOUS GOODS STORES,RELIGIOUS GOODS STORES offer,RELIGIOUS GOODS STORES reward,749
RED ROOF INNS,RED ROOF INNS offer,RED ROOF INNS reward,540
RECREATION SERVICES--NOT ELSEWHERE CLASSIFIED,RECREATION SERVICES--NOT ELSEWHERE CLASSIFIED offer,RECREATION SERVICES--NOT ELSEWHERE CLASSIFIED reward,480
RECORD STORES,RECORD STORES offer,RECORD STORES reward,5
REAL ESTATE AGENTS AND MANAGERS - RENTALS,REAL ESTATE AGENTS AND MANAGERS - RENTALS offer,REAL ESTATE AGENTS AND MANAGERS - RENTALS reward,593
RAMADA INNS,RAMADA INNS offer,RAMADA INNS reward,832
RAILROADS,RAILROADS offer,RAILROADS reward,478
RADISSON HOTELS,RADISSON HOTELS offer,RADISSON HOTELS reward,936
QUICK-COPY AND REPRODUCTION SERVICES,QUICK-COPY AND REPRODUCTION SERVICES offer,QUICK-COPY AND REPRODUCTION SERVICES reward,705
QUANTAS,QUANTAS offer,QUANTAS reward,296
QUALITY INT'L,QUALITY INT'L offer,QUALITY INT'L reward,784
QATAR AIRWAYS,QATAR AIRWAYS offer,QATAR AIRWAYS reward,727
PUBLIC WAREHOUSING,PUBLIC WAREHOUSING offer,PUBLIC WAREHOUSING reward,269
PUBLIC GOLF COURSES,PUBLIC GOLF COURSES offer,PUBLIC GOLF COURSES reward,507
PROTEA HOTELS,PROTEA HOTELS offer,PROTEA HOTELS reward,671
PROFESSIONAL SERVICES NOT ELSEWHERE CLASSIFIED,PROFESSIONAL SERVICES NOT ELSEWHERE CLASSIFIED offer,PROFESSIONAL SERVICES NOT ELSEWHERE CLASSIFIED reward,312
PRIMADONNA HOTEL AND CASINO,PRIMADONNA HOTEL AND CASINO offer,PRIMADONNA HOTEL AND CASINO reward,116
POSTAGE STAMPS,POSTAGE STAMPS offer,POSTAGE STAMPS reward,573
POLITICAL ORGANIZATIONS,POLITICAL ORGANIZATIONS offer,POLITICAL ORGANIZATIONS reward,179
PLUMBING AND HEATING EQUIPMENT AND SUPPLIES,PLUMBING AND HEATING EQUIPMENT AND SUPPLIES offer,PLUMBING AND HEATING EQUIPMENT AND SUPPLIES reward,653
PETROLEUM AND PETROLEUM PRODUCTS,PETROLEUM AND PETROLEUM PRODUCTS offer,PETROLEUM AND PETROLEUM PRODUCTS reward,276
PEABODY HOTELS,PEABODY HOTELS offer,PEABODY HOTELS reward,4
PAYLESS CAR RENTAL,PAYLESS CAR RENTAL offer,PAYLESS CAR RENTAL reward,726
PAWN SHOPS,PAWN SHOPS offer,PAWN SHOPS reward,395
PASSENGER RAILWAYS,PASSENGER RAILWAYS offer,PASSENGER RAILWAYS reward,251
PARKING LOTS AND GARAGES,PARKING LOTS AND GARAGES offer,PARKING LOTS AND GARAGES reward,16
PARIS LAS VEGAS HOTEL,PARIS LAS VEGAS HOTEL offer,PARIS LAS VEGAS HOTEL reward,191
PAKISTAN INTERNATIONAL,PAKISTAN INTERNATIONAL offer,PAKISTAN INTERNATIONAL reward,201
OTHER FEES,OTHER FEES offer,OTHER FEES reward,578
ORTHOPEDIC GOODS AND PROSTHETIC DEVICES,ORTHOPEDIC GOODS AND PROSTHETIC DEVICES offer,ORTHOPEDIC GOODS AND PROSTHETIC DEVICES reward,531
OPTOMETRISTS AND OPTHAMOLOGISTS,OPTOMETRISTS AND OPTHAMOLOGISTS offer,OPTOMETRISTS AND OPTHAMOLOGISTS reward,956
OPTICIANS AND DISPENSING,OPTICIANS AND DISPENSING offer,OPTICIANS AND DISPENSING reward,633
OMNI INTERNATIONAL,OMNI INTERNATIONAL offer,OMNI INTERNATIONAL reward,250
NOVOTEL SIEH (ACCOR),NOVOTEL SIEH (ACCOR) offer,NOVOTEL SIEH (ACCOR) reward,492
NON-DURABLE GOODS NOT ELSEWHERE CLASSIFIED,NON-DURABLE GOODS NOT ELSEWHERE CLASSIFIED offer,NON-DURABLE GOODS NOT ELSEWHERE CLASSIFIED reward,938
NEWS DEALERS AND NEWSSTANDS,NEWS DEALERS AND NEWSSTANDS offer,NEWS DEALERS AND NEWSSTANDS reward,625
NATIONAL CAR RENTAL,NATIONAL CAR RENTAL offer,NATIONAL CAR RENTAL reward,989
Merchant Category Code (MCC),Merchant Category Code (MCC) offer,Merchant Category Code (MCC) reward,931
MOTORCYCLE DEALERS,MOTORCYCLE DEALERS offer,MOTORCYCLE DEALERS reward,680
MOTOR VEHICLE SUPPLIES AND NEW PARTS,MOTOR VEHICLE SUPPLIES AND NEW PARTS offer,MOTOR VEHICLE SUPPLIES AND NEW PARTS reward,828
MOTOR HOMES DEALERS,MOTOR HOMES DEALERS offer,MOTOR HOMES DEALERS reward,879
MOTOR HOME AND RECREATIONAL VEHICLE RENTAL,MOTOR HOME AND RECREATIONAL VEHICLE RENTAL offer,MOTOR HOME AND RECREATIONAL VEHICLE RENTAL reward,246
MOTION PICTURE THEATERS,MOTION PICTURE THEATERS offer,MOTION PICTURE THEATERS reward,506
MOTION PICTURE AND VIDEO TAPE PRODUCTION AND DISTRIBUTION,MOTION PICTURE AND VIDEO TAPE PRODUCTION AND DISTRIBUTION offer,MOTION PICTURE AND VIDEO TAPE PRODUCTION AND DISTRIBUTION reward,915
MOTEL 6,MOTEL 6 offer,MOTEL 6 reward,763
MONTE CARLO HOTEL AND CASINO,MONTE CARLO HOTEL AND CASINO offer,MONTE CARLO HOTEL AND CASINO reward,925
MOBILE HOME DEALERS,MOBILE HOME DEALERS offer,MOBILE HOME DEALERS reward,532
MISCELLANEOUS REPAIR SHOPS AND RELATED SERVICES,MISCELLANEOUS REPAIR SHOPS AND RELATED SERVICES offer,MISCELLANEOUS REPAIR SHOPS AND RELATED SERVICES reward,592
MISCELLANEOUS PUBLISHING AND PRINTING SERVICES,MISCELLANEOUS PUBLISHING AND PRINTING SERVICES offer,MISCELLANEOUS PUBLISHING AND PRINTING SERVICES reward,765
MISCELLANEOUS PERSONAL SERVICES--NOT ELSEWHERE CLASSIFIED,MISCELLANEOUS PERSONAL SERVICES--NOT ELSEWHERE CLASSIFIED offer,MISCELLANEOUS PERSONAL SERVICES--NOT ELSEWHERE CLASSIFIED reward,559
MISCELLANEOUS HOME FURNISHING SPECIALTY STORES,MISCELLANEOUS HOME FURNISHING SPECIALTY STORES offer,MISCELLANEOUS HOME FURNISHING SPECIALTY STORES reward,530
MISCELLANEOUS GENERAL MERCHANDISE,MISCELLANEOUS GENERAL MERCHANDISE offer,MISCELLANEOUS GENERAL MERCHANDISE reward,361
MISCELLANEOUS FOOD STORES-CONV STRS AND SPECIALTY MKTS.,MISCELLANEOUS FOOD STORES-CONV STRS AND SPECIALTY MKTS. offer,MISCELLANEOUS FOOD STORES-CONV STRS AND SPECIALTY MKTS. reward,259
MISCELLANEOUS APPAREL AND ACCESSORY STORES,MISCELLANEOUS APPAREL AND ACCESSORY STORES offer,MISCELLANEOUS APPAREL AND ACCESSORY STORES reward,317
MISCELLANEOUS AND SPECIALTY RETAIL STORES,MISCELLANEOUS AND SPECIALTY RETAIL STORES offer,MISCELLANEOUS AND SPECIALTY RETAIL STORES reward,175
MIRAGE HOTEL AND CASINO,MIRAGE HOTEL AND CASINO offer,MIRAGE HOTEL AND CASINO reward,63
MILLENNIUM HOTELS,MILLENNIUM HOTELS offer,MILLENNIUM HOTELS reward,754
MIDDLE EAST AIR,MIDDLE EAST AIR offer,MIDDLE EAST AIR reward,199
MICROTEL INN AND SUITES,MICROTEL INN AND SUITES offer,MICROTEL INN AND SUITES reward,293
MGM GRAND HOTEL,MGM GRAND HOTEL offer,MGM GRAND HOTEL reward,215
METAL SERVICE CENTERS AND OFFICES,METAL SERVICE CENTERS AND OFFICES offer,METAL SERVICE CENTERS AND OFFICES reward,489
MERIDIEN,MERIDIEN offer,MERIDIEN reward,978
MEN'S AND WOMEN'S CLOTHING STORES,MEN'S AND WOMEN'S CLOTHING STORES offer,MEN'S AND WOMEN'S CLOTHING STORES reward,856
MEN'S AND BOY'S CLOTHING AND ACCESSORY STORES,MEN'S AND BOY'S CLOTHING AND ACCESSORY STORES offer,MEN'S AND BOY'S CLOTHING AND ACCESSORY STORES reward,359
MEMBERSHIP ORGANIZATIONS--NOT ELSEWHERE CLASSIFIED,MEMBERSHIP ORGANIZATIONS--NOT ELSEWHERE CLASSIFIED offer,MEMBERSHIP ORGANIZATIONS--NOT ELSEWHERE CLASSIFIED reward,805
MEDICAL SERVICES & HEALTH PRACTITIONERS NOT ELSEWHERE CL,MEDICAL SERVICES & HEALTH PRACTITIONERS NOT ELSEWHERE CL offer,MEDICAL SERVICES & HEALTH PRACTITIONERS NOT ELSEWHERE CL reward,873
MEDICAL AND DENTAL LABORATORIES,MEDICAL AND DENTAL LABORATORIES offer,MEDICAL AND DENTAL LABORATORIES reward,34
MARRIOTT,MARRIOTT offer,MARRIOTT reward,767
MANDARIN INT'L,MANDARIN INT'L offer,MANDARIN INT'L reward,19
MANDALAY BAY RESORT,MANDALAY BAY RESORT offer,MANDALAY BAY RESORT reward,206
MALAYSIAN AIRLINE SYSTEM,MALAYSIAN AIRLINE SYSTEM offer,MALAYSIAN AIRLINE SYSTEM reward,134
LUXOR HOTEL AND CASINO,LUXOR HOTEL AND CASINO offer,LUXOR HOTEL AND CASINO reward,813
LUMBER AND BUILDING MATERIALS STORES,LUMBER AND BUILDING MATERIALS STORES offer,LUMBER AND BUILDING MATERIALS STORES reward,336
LUGGAGE AND LEATHER GOODS STORES,LUGGAGE AND LEATHER GOODS STORES offer,LUGGAGE AND LEATHER GOODS STORES reward,768
LUFTHANSA GERMAN AIRLINES,LUFTHANSA GERMAN AIRLINES offer,LUFTHANSA GERMAN AIRLINES reward,340
LOT (POLISH AIRLINES),LOT (POLISH AIRLINES) offer,LOT (POLISH AIRLINES) reward,486
LOEWS HOTELS,LOEWS HOTELS offer,LOEWS HOTELS reward,460
LEGAL SERVICES AND ATTORNEYS,LEGAL SERVICES AND ATTORNEYS offer,LEGAL SERVICES AND ATTORNEYS reward,451
LAUNDRY SERVICES--FAMILY AND COMMERCIAL,LAUNDRY SERVICES--FAMILY AND COMMERCIAL offer,LAUNDRY SERVICES--FAMILY AND COMMERCIAL reward,770
LANDSCAPING AND HORTICULTURAL SERVICES,LANDSCAPING AND HORTICULTURAL SERVICES offer,LANDSCAPING AND HORTICULTURAL SERVICES reward,314
LAN-CHILE,LAN-CHILE offer,LAN-CHILE reward,298
LA QUINTA RESORT,LA QUINTA RESORT offer,LA QUINTA RESORT reward,501
LA QUINTA MOTOR INNS,LA QUINTA MOTOR INNS offer,LA QUINTA MOTOR INNS reward,304
KOREAN AIRLINES,KOREAN AIRLINES offer,KOREAN AIRLINES reward,569
KNIGHTS INN,KNIGHTS INN offer,KNIGHTS INN reward,617
KENYA AIRWAYS,KENYA AIRWAYS offer,KENYA AIRWAYS reward,301
JETBLUE AIRWAYS,JETBLUE AIRWAYS offer,JETBLUE AIRWAYS reward,852
JET AIR,JET AIR offer,JET AIR reward,779
JAPAN AIR LINES,JAPAN AIR LINES offer,JAPAN AIR LINES reward,184
ISLAND AIRLINES,ISLAND AIRLINES offer,ISLAND AIRLINES reward,800
INTERCONTINENTAL,INTERCONTINENTAL offer,INTERCONTINENTAL reward,568
INSURANCE-SALES & UNDERWRITING,INSURANCE-SALES & UNDERWRITING offer,INSURANCE-SALES & UNDERWRITING reward,446
INFORMATION RETRIEVAL SERVICES,INFORMATION RETRIEVAL SERVICES offer,INFORMATION RETRIEVAL SERVICES reward,256
INDUSTRIAL SUPPLIES NOT ELSEWHERE CLASSIFIED,INDUSTRIAL SUPPLIES NOT ELSEWHERE CLASSIFIED offer,INDUSTRIAL SUPPLIES NOT ELSEWHERE CLASSIFIED reward,796
ICELANDAIR,ICELANDAIR offer,ICELANDAIR reward,742
IBIS-SPHERE SA,IBIS-SPHERE SA offer,IBIS-SPHERE SA reward,652
IBERIA,IBERIA offer,IBERIA reward,205
HYATT PLACE,HYATT PLACE offer,HYATT PLACE reward,872
HYATT HOTELS/INT'L,HYATT HOTELS/INT'L offer,HYATT HOTELS/INT'L reward,804
HOWARD JOHNSON,HOWARD JOHNSON offer,HOWARD JOHNSON reward,28
HOUSEHOLD APPLIANCE STORES,HOUSEHOLD APPLIANCE STORES offer,HOUSEHOLD APPLIANCE STORES reward,476
HOTEL INDIGO GALLERIA HOUSTON,HOTEL INDIGO GALLERIA HOUSTON offer,HOTEL INDIGO GALLERIA HOUSTON reward,636
HOTEL DEL CORONADO,HOTEL DEL CORONADO offer,HOTEL DEL CORONADO reward,201
HOSPITALS,HOSPITALS offer,HOSPITALS reward,578
HOMEWOOD SUITES,HOMEWOOD SUITES offer,HOMEWOOD SUITES reward,231
HOME SUPPLY WAREHOUSE STORES,HOME SUPPLY WAREHOUSE STORES offer,HOME SUPPLY WAREHOUSE STORES reward,232
HOLIDAY INNS,HOLIDAY INNS offer,HOLIDAY INNS reward,563
HILTON HOTELS,HILTON HOTELS offer,HILTON HOTELS reward,504
HILTON GARDEN INN,HILTON GARDEN INN offer,HILTON GARDEN INN reward,594
HERTZ,HERTZ offer,HERTZ reward,609
HEALTH AND BEAUTY SPAS,HEALTH AND BEAUTY SPAS offer,HEALTH AND BEAUTY SPAS reward,63
HAWAIIAN AIR,HAWAIIAN AIR offer,HAWAIIAN AIR reward,692
HARRAH'S HOTELS AND CASINOS,HARRAH'S HOTELS AND CASINOS offer,HARRAH'S HOTELS AND CASINOS reward,667
HARDWARE STORES,HARDWARE STORES offer,HARDWARE STORES reward,43
HARDWARE EQUIPMENT AND SUPPLIES,HARDWARE EQUIPMENT AND SUPPLIES offer,HARDWARE EQUIPMENT AND SUPPLIES reward,653
HAMPTON INNS,HAMPTON INNS offer,HAMPTON INNS reward,319
GULF AIR,GULF AIR offer,GULF AIR reward,142
GOVERNMENT SERVICES--NOT ELSEWHERE CLASSIFIED,GOVERNMENT SERVICES--NOT ELSEWHERE CLASSIFIED offer,GOVERNMENT SERVICES--NOT ELSEWHERE CLASSIFIED reward,27
GOLDEN NUGGET,GOLDEN NUGGET offer,GOLDEN NUGGET reward,817
GLASSWARE AND CRYSTAL STORES,GLASSWARE AND CRYSTAL STORES offer,GLASSWARE AND CRYSTAL STORES reward,415
GENERAL CONTRACTORS-RESIDENTIAL AND COMMERCIAL,GENERAL CONTRACTORS-RESIDENTIAL AND COMMERCIAL offer,GENERAL CONTRACTORS-RESIDENTIAL AND COMMERCIAL reward,71
GAYLORD PALMS,GAYLORD PALMS offer,GAYLORD PALMS reward,48
GAYLORD OPRYLAND,GAYLORD OPRYLAND offer,GAYLORD OPRYLAND reward,111
FUNERAL SERVICES AND CREMATORIES,FUNERAL SERVICES AND CREMATORIES offer,FUNERAL SERVICES AND CREMATORIES reward,747
FRONTIER AIRLINES,FRONTIER AIRLINES offer,FRONTIER AIRLINES reward,90
FREMONT HOTEL AND CASINO,FREMONT HOTEL AND CASINO offer,FREMONT HOTEL AND CASINO reward,787
FREEZER AND LOCKER MEAT PROVISIONERS,FREEZER AND LOCKER MEAT PROVISIONERS offer,FREEZER AND LOCKER MEAT PROVISIONERS reward,980
FOUR SEASONS,FOUR SEASONS offer,FOUR SEASONS reward,182
FOUR POINTS HOTELS,FOUR POINTS HOTELS offer,FOUR POINTS HOTELS reward,461
FLORISTS,FLORISTS offer,FLORISTS reward,605
FINNAIR,FINNAIR offer,FINNAIR reward,94
FINES,FINES offer,FINES reward,610
FINANCIAL INSTITUTIONS--MERCHANDISE AND SERVICES,FINANCIAL INSTITUTIONS--MERCHANDISE AND SERVICES offer,FINANCIAL INSTITUTIONS--MERCHANDISE AND SERVICES reward,48
FAST FOOD RESTAURANTS,FAST FOOD RESTAURANTS offer,FAST FOOD RESTAURANTS reward,546
FAMILY CLOTHING STORES,FAMILY CLOTHING STORES offer,FAMILY CLOTHING STORES reward,815
FAIRMONT HOTELS CORP.,FAIRMONT HOTELS CORP. offer,FAIRMONT HOTELS CORP. reward,261
FAIRFIELD INN,FAIRFIELD INN offer,FAIRFIELD INN reward,319
EXTERMINATING AND DISINFECTING SERVICES,EXTERMINATING AND DISINFECTING SERVICES offer,EXTERMINATING AND DISINFECTING SERVICES reward,983
EXTENDED STAY AMERICA,EXTENDED STAY AMERICA offer,EXTENDED STAY AMERICA reward,261
EXTENDED STAY,EXTENDED STAY offer,EXTENDED STAY reward,58
EXCALIBUR HOTEL AND CASINO,EXCALIBUR HOTEL AND CASINO offer,EXCALIBUR HOTEL AND CASINO reward,493
EUROP CAR,EUROP CAR offer,EUROP CAR reward,993
ETHIOPIAN AIRLINES,ETHIOPIAN AIRLINES offer,ETHIOPIAN AIRLINES reward,955
ENTERPRISE RENT-A-CAR,ENTERPRISE RENT-A-CAR offer,ENTERPRISE RENT-A-CAR reward,159
EMPLOYMENT AGENCIES AND TEMPORARY HELP SERVICES,EMPLOYMENT AGENCIES AND TEMPORARY HELP SERVICES offer,EMPLOYMENT AGENCIES AND TEMPORARY HELP SERVICES reward,923
EMIRATES AIRLINES,EMIRATES AIRLINES offer,EMIRATES AIRLINES reward,548
EMBASSY SUITES,EMBASSY SUITES offer,EMBASSY SUITES reward,604
ELEMENTARY AND SECONDARY SCHOOLS,ELEMENTARY AND SECONDARY SCHOOLS offer,ELEMENTARY AND SECONDARY SCHOOLS reward,974
ELECTRONICS STORES,ELECTRONICS STORES offer,ELECTRONICS STORES reward,296
ELECTRICAL PARTS AND EQUIPMENT,ELECTRICAL PARTS AND EQUIPMENT offer,ELECTRICAL PARTS AND EQUIPMENT reward,539
ELECTRICAL CONTRACTORS,ELECTRICAL CONTRACTORS offer,ELECTRICAL CONTRACTORS reward,179
ELECTRICAL AND SMALL APPLIANCE REPAIR SHOPS,ELECTRICAL AND SMALL APPLIANCE REPAIR SHOPS offer,ELECTRICAL AND SMALL APPLIANCE REPAIR SHOPS reward,726
ELDORADO HOTEL AND CASINO,ELDORADO HOTEL AND CASINO offer,ELDORADO HOTEL AND CASINO reward,45
ECONO-TRAVEL MOTOR HOTEL,ECONO-TRAVEL MOTOR HOTEL offer,ECONO-TRAVEL MOTOR HOTEL reward,609
EATING PLACES AND RESTAURANTS,EATING PLACES AND RESTAURANTS offer,EATING PLACES AND RESTAURANTS reward,897
EASYJET,EASYJET offer,EASYJET reward,591
DVD/VIDEO TAPE RENTAL STORES,DVD/VIDEO TAPE RENTAL STORES offer,DVD/VIDEO TAPE RENTAL STORES reward,341
DRY CLEANERS,DRY CLEANERS offer,DRY CLEANERS reward,204
DRURY INN,DRURY INN offer,DRURY INN reward,625
DRUG STORES AND PHARMACIES,DRUG STORES AND PHARMACIES offer,DRUG STORES AND PHARMACIES reward,916
DRINKING PLACES (ALCOHOLIC BEVERAGES),DRINKING PLACES (ALCOHOLIC BEVERAGES) offer,DRINKING PLACES (ALCOHOLIC BEVERAGES) reward,879
DOUBLETREE HOTEL,DOUBLETREE HOTEL offer,DOUBLETREE HOTEL reward,493
DOLLAR RENT-A-CAR,DOLLAR RENT-A-CAR offer,DOLLAR RENT-A-CAR reward,124
DOCTORS AND PHYSICIANS--NOT ELSEWHERE CLASSIFIED,DOCTORS AND PHYSICIANS--NOT ELSEWHERE CLASSIFIED offer,DOCTORS AND PHYSICIANS--NOT ELSEWHERE CLASSIFIED reward,280
DISNEY RESORTS,DISNEY RESORTS offer,DISNEY RESORTS reward,220
DISCOUNT STORES,DISCOUNT STORES offer,DISCOUNT STORES reward,281
DIRECT MARKETING--INBOUND TELEMARKETING MERCHANTS,DIRECT MARKETING--INBOUND TELEMARKETING MERCHANTS offer,DIRECT MARKETING--INBOUND TELEMARKETING MERCHANTS reward,207
DIRCT MARKETING/DIRCT MARKETERS--NOT ELSEWHERE CLASSIFIED,DIRCT MARKETING/DIRCT MARKETERS--NOT ELSEWHERE CLASSIFIED offer,DIRCT MARKETING/DIRCT MARKETERS--NOT ELSEWHERE CLASSIFIED reward,133
DEPARTMENT STORES,DEPARTMENT STORES offer,DEPARTMENT STORES reward,821
DENTISTS AND ORTHODONTISTS,DENTISTS AND ORTHODONTISTS offer,DENTISTS AND ORTHODONTISTS reward,866
DENTAL/LABORATORY/MEDICAL/OPHTHALMIC HOSP EQIP AND SUP.,DENTAL/LABORATORY/MEDICAL/OPHTHALMIC HOSP EQIP AND SUP. offer,DENTAL/LABORATORY/MEDICAL/OPHTHALMIC HOSP EQIP AND SUP. reward,593
DELTA,DELTA offer,DELTA reward,456
DAYS INNS OF AMERICA,DAYS INNS OF AMERICA offer,DAYS INNS OF AMERICA reward,977
DAIRY PRODUCTS STORES,DAIRY PRODUCTS STORES offer,DAIRY PRODUCTS STORES reward,174
Cosmopolitan of Las Vegas,Cosmopolitan of Las Vegas offer,Cosmopolitan of Las Vegas reward,475
CROWNE PLAZA HOTELS,CROWNE PLAZA HOTELS offer,CROWNE PLAZA HOTELS reward,554
COURTYARD BY MARRIOTT,COURTYARD BY MARRIOTT offer,COURTYARD BY MARRIOTT reward,784
COURT COST INCLUDING ALIMONY AND CHILD SUPPORT,COURT COST INCLUDING ALIMONY AND CHILD SUPPORT offer,COURT COST INCLUDING ALIMONY AND CHILD SUPPORT reward,275
COUNTRY INN BY CARLSON,COUNTRY INN BY CARLSON offer,COUNTRY INN BY CARLSON reward,146
COSMETIC STORES,COSMETIC STORES offer,COSMETIC STORES reward,85
CORRESPONDENCE SCHOOLS,CORRESPONDENCE SCHOOLS offer,CORRESPONDENCE SCHOOLS reward,912
CONTINUITY/SUBSCRIPTION MERCHANTS,CONTINUITY/SUBSCRIPTION MERCHANTS offer,CONTINUITY/SUBSCRIPTION MERCHANTS reward,385
CONSUMER CREDIT REPORTING AGENCIES,CONSUMER CREDIT REPORTING AGENCIES offer,CONSUMER CREDIT REPORTING AGENCIES reward,165
CONSTRUCTION MATERIALS NOT ELSEWHERE CLASSIFIED,CONSTRUCTION MATERIALS NOT ELSEWHERE CLASSIFIED offer,CONSTRUCTION MATERIALS NOT ELSEWHERE CLASSIFIED reward,530
CONRAD HOTELS,CONRAD HOTELS offer,CONRAD HOTELS reward,139
COMPUTER SOFTWARE STORES,COMPUTER SOFTWARE STORES offer,COMPUTER SOFTWARE STORES reward,373
COMPUTER NETWORK/INFORMATION SERVICES,COMPUTER NETWORK/INFORMATION SERVICES offer,COMPUTER NETWORK/INFORMATION SERVICES reward,733
COMMERCIAL FURNITURE,COMMERCIAL FURNITURE offer,COMMERCIAL FURNITURE reward,321
COMMERCIAL FOOTWARE,COMMERCIAL FOOTWARE offer,COMMERCIAL FOOTWARE reward,31
COMFORT HOTEL INTERNATIONAL,COMFORT HOTEL INTERNATIONAL offer,COMFORT HOTEL INTERNATIONAL reward,628
COMBINATION CATALOG AND RETAIL MERCHANT,COMBINATION CATALOG AND RETAIL MERCHANT offer,COMBINATION CATALOG AND RETAIL MERCHANT reward,224
COAST HOTELS,COAST HOTELS offer,COAST HOTELS reward,454
CLARION HOTEL,CLARION HOTEL offer,CLARION HOTEL reward,128
CIRCUS CIRCUS HOTEL AND CASINO,CIRCUS CIRCUS HOTEL AND CASINO offer,CIRCUS CIRCUS HOTEL AND CASINO reward,364
CIGAR STORES AND STANDS,CIGAR STORES AND STANDS offer,CIGAR STORES AND STANDS reward,859
CHIROPRACTORS,CHIROPRACTORS offer,CHIROPRACTORS reward,466
CHINA EASTERN AIRLINES,CHINA EASTERN AIRLINES offer,CHINA EASTERN AIRLINES reward,184
CHILDREN'S AND INFANT'S WEAR STORES,CHILDREN'S AND INFANT'S WEAR STORES offer,CHILDREN'S AND INFANT'S WEAR STORES reward,974
CHILD CARE SERVICES,CHILD CARE SERVICES offer,CHILD CARE SERVICES reward,843
CHEMICALS AND ALLIED PRODUCTS NOT ELSEWHERE CLASSIFIED,CHEMICALS AND ALLIED PRODUCTS NOT ELSEWHERE CLASSIFIED offer,CHEMICALS AND ALLIED PRODUCTS NOT ELSEWHERE CLASSIFIED reward,854
CHATEAU ELAN WINERY AND RESORT,CHATEAU ELAN WINERY AND RESORT offer,CHATEAU ELAN WINERY AND RESORT reward,261
CHARITABLE AND SOCIAL SERVICE ORGANIZATIONS,CHARITABLE AND SOCIAL SERVICE ORGANIZATIONS offer,CHARITABLE AND SOCIAL SERVICE ORGANIZATIONS reward,963
CATHAY PACIFIC,CATHAY PACIFIC offer,CATHAY PACIFIC reward,680
CATERERS,CATERERS offer,CATERERS reward,628
CATALOG MERCHANTS,CATALOG MERCHANTS offer,CATALOG MERCHANTS reward,140
CARPET AND UPHOLSTERY CLEANING,CARPET AND UPHOLSTERY CLEANING offer,CARPET AND UPHOLSTERY CLEANING reward,445
CARPENTRY,CARPENTRY offer,CARPENTRY reward,20
CARIBBEAN AIRLINES,CARIBBEAN AIRLINES offer,CARIBBEAN AIRLINES reward,738
CAR WASHES,CAR WASHES offer,CAR WASHES reward,835
CAR AND TRUCK DEALERS (USED ONLY),CAR AND TRUCK DEALERS (USED ONLY) offer,CAR AND TRUCK DEALERS (USED ONLY) reward,119
CAR AND TRUCK DEALERS (NEW AND USED),CAR AND TRUCK DEALERS (NEW AND USED) offer,CAR AND TRUCK DEALERS (NEW AND USED) reward,541
CANDLEWOOD SUITES,CANDLEWOOD SUITES offer,CANDLEWOOD SUITES reward,779
CAMERA AND PHOTOGRAPHIC SUPPLY STORES,CAMERA AND PHOTOGRAPHIC SUPPLY STORES offer,CAMERA AND PHOTOGRAPHIC SUPPLY STORES reward,785
CAESAR'S HOTEL AND CASINO,CAESAR'S HOTEL AND CASINO offer,CAESAR'S HOTEL AND CASINO reward,44
BUYING AND SHOPPING SERVICES AND CLUBS,BUYING AND SHOPPING SERVICES AND CLUBS offer,BUYING AND SHOPPING SERVICES AND CLUBS reward,676
BUSINESS SERVICES NOT ELSEWHERE CLASSIFIED,BUSINESS SERVICES NOT ELSEWHERE CLASSIFIED offer,BUSINESS SERVICES NOT ELSEWHERE CLASSIFIED reward,869
BUSINESS AND SECRETARIAL SCHOOLS,BUSINESS AND SECRETARIAL SCHOOLS offer,BUSINESS AND SECRETARIAL SCHOOLS reward,830
BUDGET RENT-A-CAR,BUDGET RENT-A-CAR offer,BUDGET RENT-A-CAR reward,906
BROADMOOR HOTEL,BROADMOOR HOTEL offer,BROADMOOR HOTEL reward,534
BRITISH AIRWAYS,BRITISH AIRWAYS offer,BRITISH AIRWAYS reward,704
BOWLING ALLEYS,BOWLING ALLEYS offer,BOWLING ALLEYS reward,39
BOOK STORES,BOOK STORES offer,BOOK STORES reward,913
BOAT RENTALS AND LEASING,BOAT RENTALS AND LEASING offer,BOAT RENTALS AND LEASING reward,365
BOAT DEALERS,BOAT DEALERS offer,BOAT DEALERS reward,798
BICYCLE SHOPS-SALES AND SERVICE,BICYCLE SHOPS-SALES AND SERVICE offer,BICYCLE SHOPS-SALES AND SERVICE reward,357
BEST WESTERN,BEST WESTERN offer,BEST WESTERN reward,41
BEAUTY AND BARBER SHOPS,BEAUTY AND BARBER SHOPS offer,BEAUTY AND BARBER SHOPS reward,301
BEAU RIVAGE HOTEL AND CASINO,BEAU RIVAGE HOTEL AND CASINO offer,BEAU RIVAGE HOTEL AND CASINO reward,184
BALLY'S HOTEL AND CASINO,BALLY'S HOTEL AND CASINO offer,BALLY'S HOTEL AND CASINO reward,820
BAKERIES,BAKERIES offer,BAKERIES reward,71
AVIS RENT-A-CAR,AVIS RENT-A-CAR offer,AVIS RENT-A-CAR reward,457
AVIANCA,AVIANCA offer,AVIANCA reward,239
AUTOMOTIVE TOP AND BODY SHOPS,AUTOMOTIVE TOP AND BODY SHOPS offer,AUTOMOTIVE TOP AND BODY SHOPS reward,443
AUTOMOTIVE TIRE STORES,AUTOMOTIVE TIRE STORES offer,AUTOMOTIVE TIRE STORES reward,211
AUTOMOTIVE REPAIR SHOPS (NON-DEALER),AUTOMOTIVE REPAIR SHOPS (NON-DEALER) offer,AUTOMOTIVE REPAIR SHOPS (NON-DEALER) reward,930
AUTOMOTIVE PARTS AND ACCESSORIES STORES,AUTOMOTIVE PARTS AND ACCESSORIES STORES offer,AUTOMOTIVE PARTS AND ACCESSORIES STORES reward,67
AUTOMOTIVE PAINT SHOPS,AUTOMOTIVE PAINT SHOPS offer,AUTOMOTIVE PAINT SHOPS reward,755
AUTOMOBILE RENTAL AGENCY,AUTOMOBILE RENTAL AGENCY offer,AUTOMOBILE RENTAL AGENCY reward,8
AUTOMOBILE ASSOCIATIONS,AUTOMOBILE ASSOCIATIONS offer,AUTOMOBILE ASSOCIATIONS reward,175
AUTOMATED FUEL DISPENSER,AUTOMATED FUEL DISPENSER offer,AUTOMATED FUEL DISPENSER reward,154
ASIANA AIRLINES,ASIANA AIRLINES offer,ASIANA AIRLINES reward,985
ARTIST SUPPLY AND CRAFT STORES,ARTIST SUPPLY AND CRAFT STORES offer,ARTIST SUPPLY AND CRAFT STORES reward,49
ART DEALERS AND GALLERIES,ART DEALERS AND GALLERIES offer,ART DEALERS AND GALLERIES reward,715
ARIZONA BILTMORE,ARIZONA BILTMORE offer,ARIZONA BILTMORE reward,975
ARIA,ARIA offer,ARIA reward,588
ANTIQUE SHOPS,ANTIQUE SHOPS offer,ANTIQUE SHOPS reward,291
AMERICINN,AMERICINN offer,AMERICINN reward,451
AMERICAS BEST VALUE INN,AMERICAS BEST VALUE INN offer,AMERICAS BEST VALUE INN reward,135
AMERICAN AIRLINES,AMERICAN AIRLINES offer,AMERICAN AIRLINES reward,461
AMBULANCE SERVICES,AMBULANCE SERVICES offer,AMBULANCE SERVICES reward,152
ALOFT HOTELS,ALOFT HOTELS offer,ALOFT HOTELS reward,407
ALITALIA,ALITALIA offer,ALITALIA reward,586
ALASKA AIRLINES INC.,ALASKA AIRLINES INC. offer,ALASKA AIRLINES INC. reward,582
ALAMO RENT-A-CAR,ALAMO RENT-A-CAR offer,ALAMO RENT-A-CAR reward,426
AIRTRAN AIRWAYS,AIRTRAN AIRWAYS offer,AIRTRAN AIRWAYS reward,205
AIRLINES AND AIR CARRIERS,AIRLINES AND AIR CARRIERS offer,AIRLINES AND AIR CARRIERS reward,52
AIR NEW ZEALAND LTD. INTERNATIONAL,AIR NEW ZEALAND LTD. INTERNATIONAL offer,AIR NEW ZEALAND LTD. INTERNATIONAL reward,636
AIR INDIA,AIR INDIA offer,AIR INDIA reward,332
AIR FRANCE,AIR FRANCE offer,AIR FRANCE reward,237
AIR CONDITIONING AND REFRIGERATION REPAIR SHOPS,AIR CONDITIONING AND REFRIGERATION REPAIR SHOPS offer,AIR CONDITIONING AND REFRIGERATION REPAIR SHOPS reward,378
AIR CHINA,AIR CHINA offer,AIR CHINA reward,944
AIR CANADA,AIR CANADA offer,AIR CANADA reward,746
